id;salutation;first_name;middle_name;last_name;email;alt_emails;phone;alt_phones;dob;nationality;work_authorization_id;address;area;city;state;state_code;county;country;country_code;zip_code;source;total_exp_in_years;total_exp_in_months;relevant_exp_in_years;relevant_exp_in_months;referred_by;ownership_user_id;current_job_title;current_employer;current_job_type_id;current_pay_currency;current_pay;current_pay_monthly;current_pay_hourly;current_pay_yearly;current_pay_time_span;other_current_benefits;expected_pay_currency;expected_pay_min;expected_pay_max;expected_pay_min_monthly;expected_pay_min_hourly;expected_pay_min_yearly;expected_pay_max_monthly;expected_pay_max_hourly;expected_pay_max_yearly;expected_pay_time_span;expected_pay_tax_term_id;other_expected_benefits;additional_comments;relocation;family_willing_to_relocate;relocation_type;relocation_remarks;tax_term_ids;notice_period_in_days;work_authorization_expiry;gpa;aadhar_number;linked_in_profile_url;other_social_ur_ls;tags;resumes;right_to_reperesent;skills;alt_skills;technologies;certifications;languages;work_experience;education;employer_details;documents
1;Awesome;Zaria;Chicken Forks Global;Casper;Bennett.OReilly76@yahoo.com;infomediaries hack;322.530.6842 x4122;View SMS;2023-04-04T07:04:32;Chief Beauty Creative;25012;help-desk parse;Corporate primary;Heiditon;metrics;Unbranded Metal deposit;matrix;Tajikistan;AW;61832;Profound;24341;33739;11894;8324;bus;61492;Shirt connect;black;89452;Organic Handmade Tunisian;39029;55791;61903;14505;Fortnight;black;Ball;30353;79788;45565;54043;88746;70918;67793;53777;Monthly;70979;index forecast Bedfordshire;Boliviano matrix Berkshire;true;true;None;e-enable Generic;Soap;96870;2023-04-04T23:39:19;SMTP;real-time seize state;Avon;Monitored Account;Down-sized;backing Frozen;Bedfordshire;Paradigm scalable;users cross-platform THX;National;Courts Organized;Manor;Credit Shirt;Handmade invoice Buckinghamshire;green deposit migration;override auxiliary Soft
2;withdrawal Tuna Virginia;Andres;drive RSS override;Hauck;Myriam.Harber@hotmail.com;Cambridgeshire South;(747) 446-2349 x05945;calculating reboot;2023-04-04T10:23:06;Plastic maroon Bike;52253;Lead Networked cohesive;Car;Greysonstad;Technician Generic California;Australia portals Practical;24/7 Bacon;Dominican Republic;GI;71948;Facilitator synthesize District;93450;18206;40797;31766;Savings haptic;67178;Licensed;Forward Handcrafted programming;38606;invoice;45432;13938;58530;60693;Fortnight;Drive 6th ADP;platforms navigate Optimization;62280;51587;89616;73534;12575;85030;29119;85465;Fortnight;40954;executive programming;JBOD;true;true;Within_State;eco-centric;Keyboard;51826;2023-04-04T16:36:05;Customizable models input;card withdrawal Cambridgeshire;Ringgit;exploit;feed;SMS TCP hacking;ivory;Cambridgeshire;Club Japan;Engineer Wooden Berkshire;communities quantifying;envisioneer connect pixel;leverage;synergy Granite Baby;Facilitator Outdoors National;Keyboard modular aggregate
3;Berkshire neural;Billy;Intuitive;Russel;Marjorie.Hegmann34@hotmail.com;Fantastic Account;621.453.8203 x02702;Right-sized Massachusetts;2023-04-05T02:54:06;Wooden flexibility;43709;standardization bypass;port;South San Francisco;Cambridgeshire;card Concrete Cheese;parsing;Andorra;GQ;76646-0618;Paradigm Industrial;33000;40103;43569;22679;methodologies visionary Danish;4470;hacking;Rwanda;11028;Bedfordshire Gorgeous Somoni;77806;93429;55289;69004;Monthly;Sausages orange;SCSI functionalities;39336;4902;53102;35116;15895;9573;75662;95829;Monthly;71223;ivory;Automotive;false;true;Within_County;Liaison;Progressive Specialist;88283;2023-04-04T14:13:46;IB Rapids;Handcrafted interface Computers;parse Bacon Beauty;Buckinghamshire Account Computer;Enterprise-wide protocol open-source;Islands, Principal payment;Brazil;scalable Right-sized definition;Arizona primary;Chief quantifying Tennessee;markets Research plug-and-play;online;Tunisia;panel functionalities;Table Estates;Principal
4;architectures;Alfonzo;Tasty;Schneider;Allene66@hotmail.com;transmitter Pennsylvania;(760) 436-9509 x374;workforce Electronics Small;2023-04-04T08:10:13;foreground Officer;8826;wireless invoice;Haiti;Raynorbury;Account synthesizing;parsing digital;compressing;Uruguay;GE;01926;Tactics input Assimilated;57604;7549;48728;90962;Consultant Pants;99565;Electronics matrix;Associate;17222;Garden XSS Reactive;1094;33130;62093;29528;Monthly;Handmade Account Refined;Intelligent Customer;71767;45099;18802;8747;90361;84589;82327;91943;Monthly;17995;Borders;indexing cyan Wooden;true;false;Within_Country;Frozen;Shoes Berkshire platforms;90856;2023-04-05T00:50:27;synthesize;architect Electronics Cambridgeshire;Rufiyaa Philippines cross-platform;Shoal;Central Officer transparent;Gorgeous hard;International Oklahoma;Kentucky;primary optical Account;teal;Integration enhance attitude;Cambridgeshire;Pound Account Steel;invoice Licensed;aggregate;radical pixel
5;District;Alexandrea;Gorgeous;Nienow;Joannie.Maggio@hotmail.com;attitude-oriented;1-261-372-0481 x7060;gold synergy;2023-04-05T05:37:58;Granite Jordanian;31746;Jersey;turquoise Devolved;East Chanceton;Iowa;synergies;Designer;Albania;MK;03541;granular;92615;92898;20528;40841;generate;63211;Loan Unbranded;Wyoming;9452;Nepalese;85625;99202;4079;29519;Weekly;Grenada Virginia Focused;Pizza Granite;47366;26270;29595;45778;88105;42032;44935;29209;Weekly;49131;Tanzanian;Borders software 24/365;false;true;Within_City;Junction;Baby Lempira;64337;2023-04-04T15:21:20;engage Inlet;Missouri;impactful gold;Concrete;wireless discrete;Reverse-engineered Shoes;visionary;Arkansas turquoise hour;input Israel Berkshire;Legacy Associate;capability;Re-engineered plug-and-play brand;Books;Dale infomediaries Colorado;connecting Money Designer;navigate Security
6;Concrete fault-tolerant;Israel;silver;Tremblay;Gwen_Cole@hotmail.com;Card Gateway;576-881-6068;Towels;2023-04-04T21:44:29;Chips optical;86457;Card;Dakota;Wadechester;lime;Accounts;real-time Maryland;Bahrain;VG;91558;purple markets Reunion;31102;85368;37648;38705;SDD;31004;Tactics Facilitator;Specialist;32727;Outdoors revolutionary Bedfordshire;22258;332;99319;91406;Fortnight;robust Planner;Strategist interface best-of-breed;46825;66080;5898;68608;40670;87578;67950;25816;Monthly;72669;Implementation Senior invoice;Savings mobile;true;false;Any;deposit Granite;CSS;82254;2023-04-05T02:50:42;salmon Handmade South;Cambridgeshire;Iowa Producer reintermediate;fuchsia;pixel azure Credit;Pizza Investor;Quetzal;Dirham;Japan;evolve alarm;Technician Keyboard Haiti;quantifying;Shoes Palladium;Common Configuration brand;bluetooth Product;payment Virtual Bacon
7;EXE Paraguay Balboa;Casey;alarm Loan scale;Hoeger;Julien29@gmail.com;user-centric compressing Bike;873-730-7567;New;2023-04-04T12:11:18;bypassing Berkshire;99779;teal Producer;bandwidth National payment;New Louiebury;copying generating;Sausages Buckinghamshire Oregon;initiatives;France;DE;70430;Concrete Investor Small;26381;1539;72431;94799;Refined;14900;Movies Clothing;Cambridgeshire Card;74701;Sweden Savings SDD;1095;22387;40035;61986;Monthly;Mills;Global;22044;82177;59318;10991;67379;21052;18390;60244;Fortnight;97634;Louisiana Chief;Account Re-engineered;true;true;Within_Country;Games Concrete Rupiah;Health Delaware;69138;2023-04-04T15:15:31;deposit Vermont;Buckinghamshire;Soft Tactics deposit;Electronics Shoes gold;Hampshire;Kentucky Implemented;disintermediate parse;withdrawal calculate Automotive;firewall B2C Ball;Clothing Checking;Accounts compelling;Sleek reboot scalable;bus;Bedfordshire User-friendly;Guarani;Ford recontextualize
8;dot-com Towels Personal;Lila;Loan Koruna;Corkery;Joy_Macejkovic@gmail.com;Macao;(401) 770-1388 x4078;Buckinghamshire Books;2023-04-04T16:43:50;Electronics engineer alarm;89919;compress Agent;solid intermediate;Bentonville;Wooden Awesome Bike;Reactive;Chicken quantifying Loan;Burkina Faso;EH;77280-2151;Associate generate;9312;35727;5484;85300;cultivate red override;57988;Licensed Handmade bandwidth;the;29937;Frozen;2343;93208;97524;83356;Weekly;Cross-platform;Orchard regional;46427;24337;84965;3521;50045;43049;86451;28769;Monthly;1238;middleware International;Mississippi Team-oriented;false;false;Within_State;Engineer national;Regional;4351;2023-04-05T03:36:32;Tasty transmit;port;Borders Forward Gloves;orchid Point;invoice Kroon Toys;Shoes Assistant Chair;Silver UIC-Franc;Chief;Movies Mauritania CSS;SMS microchip interface;port;partnerships Cambridgeshire;Fresh orchid;Pants system Creative;Manager;Legacy connect incentivize
9;Jewelery;Darlene;CSS;Ruecker;Marlen_Schiller@yahoo.com;York communities;(207) 997-2712 x8298;applications Games;2023-04-04T16:34:43;Chief;84901;Research port;payment;New Daryl;Hat Metal Cambridgeshire;Multi-channelled Solutions;primary methodical Ergonomic;Trinidad and Tobago;PL;71448-1773;Computers Bedfordshire fuchsia;97834;82897;75097;42947;strategy;26876;Card Granite Borders;navigating extend Squares;82959;Car Chair navigate;19312;31153;195;95931;Monthly;South Soft;Berkshire moderator;7016;2725;64205;92705;718;74257;34089;34781;Monthly;78568;connecting;navigating Oregon e-enable;false;false;Within_State;Executive Michigan;streamline Compatible;30913;2023-04-04T21:04:23;Jamaica Finland withdrawal;York;program Steel;invoice;copying;contingency streamline;Avon;implement Cambridgeshire payment;zero Expressway;District;web-readiness 24/7 Ergonomic;plum;Berkshire maroon seize;Shirt Intranet Mobility;Soft;Fords
10;Account Kroon;Earl;models emulation;Daugherty;Maegan52@yahoo.com;Orchestrator;1-621-263-6795 x99776;Soft Branding Industrial;2023-04-04T19:54:17;software;20446;Identity;blue;Port Arthur;Technician Interactions;systems Function-based;Nevada Bacon Administrator;Bahrain;TG;28513;black;70390;10301;28769;93340;Concrete;86700;Virtual;Kyat Communications;39382;plum;81584;54450;58771;78902;Fortnight;portals deposit;recontextualize;59153;69722;52883;36616;75336;31505;20593;9072;Fortnight;13566;COM;fresh-thinking;true;false;Within_City;schemas;state Auto;73410;2023-04-04T08:14:41;multi-byte Tasty;Iowa Berkshire rich;frictionless index modular;Games Intelligent;invoice Optimization dynamic;matrix Fundamental;functionalities Belize;Usability SAS B2C;Villages Street Union;collaborative quantify;web Granite;Idaho bi-directional Keyboard;Cordoba calculate Customer;Cheese;Arizona pixel;portals
