id;client_visibility;business_unit_ids;client_name;vms_client_name;federal_id;contact_number;email;address;area;city;state;state_code;county;country;country_code;zip_code;website;send_requirement;send_hot_list;fax;status;allow_access_to_all_users;ownership_ids;client_lead_ids;required_documents;practice_alt;about_company;stop_notifying_client_contact_on_submit_to_client;default_for_job_postings;submission_guidelines;assigned_to;assigned_to_teams;sales_managers;account_managers;recruitment_managers;default_tat_config_for_job_posting_or_vms_jobs;default_tat_config_timespan;notify_on_tat_to_user_types;notify_on_tat_to_user_ids;tax_term_ids;work_authorization_ids;post_job_on_careers_page;default_pay_rate_tax_term;default_bill_rate_tax_term;references_mandatory_for_submission;max_submissions;no_of_positions;mark_up;msp;mail_subject;mail_body;fields_for_excel
1;Organization_Level;calculate;Kuwait;Fresh Handcrafted Island;compressing array;envisioneer;Zachary.Howe@hotmail.com;Integration e-markets;Handcrafted iterate PNG;New Prestonfort;vortals;Jewelery Internal;Licensed;Guyana;FI;74455-8121;methodologies;true;true;Savings grey connect;Licensed;false;index;transitional Multi-layered Hryvnia;orange;hub encoding Cape;Division Corporate;false;true;Granite Agent overriding;payment;background magenta;Music leverage Pants;Market Gorgeous;back-end Cambridgeshire Cotton;96832;optical Wyoming;invoice Rubber Branding;Checking;feed;Central cutting-edge Account;true;bricks-and-clicks magnetic invoice;Central silver;true;37679;19956;Loan Delaware Sausages;index;e-business Loan;Shoes;hack synthesize alarm
2;Organization_Level;leading-edge synthesize Money;bus;drive;Ohio Monaco;Massachusetts Islands;Lily.Klein52@yahoo.com;discrete Chair;Glens bandwidth;Kemmerport;Berkshire Customizable;Buckinghamshire Directives;Passage;Montenegro;KE;40732;Sleek eyeballs;true;false;Money Outdoors;Checking Sausages;true;generating Leu implement;full-range;parsing Bedfordshire;optical secondary Falkland;AGP Markets;true;false;knowledge Cambridgeshire;Soft Consultant online;exploit;Direct Licensed;Regional;Pants Awesome;90552;content;Computer Global;Delaware Rial;RAM Ergonomic;Ball;true;National Auto;network program Refined;false;25690;49703;Global Gibraltar;Roads reboot;Chad;Anguilla Markets;Keyboard Australia deposit
3;Unit_Level;Tuna bypass;forecast Ball;haptic Legacy Handcrafted;Rial benchmark;Hawaii Factors Computer;Anderson88@hotmail.com;auxiliary;matrix Facilitator e-business;Levittown;recontextualize Quality;global;benchmark zero;French Southern Territories;LV;20487;Industrial Grocery;false;false;to Bedfordshire;British bus microchip;true;Bacon leading-edge virtual;Checking;generate;Configurable open-source Angola;solution-oriented generate;false;false;program markets overriding;monetize Monitored;project infomediaries;next-generation National Bedfordshire;copying;Omani incubate;10400;Tools Principal;Soft target;Car;Buckinghamshire Honduras e-business;Borders harness;true;leading-edge microchip;calculating solid visionary;true;95697;36909;Maryland Sports Computers;Brand;magenta Chair;input;Officer Granite
4;Organization_Level;Markets Bike haptic;Singapore Unbranded Gorgeous;engine radical;Principal Georgia;Orchestrator;Hilma.Reynolds78@hotmail.com;Granite;maroon Guilder Leu;Catalina Foothills;Industrial Avon system;Guyana Assistant;Synergistic Assurance;Taiwan;HN;23836-9793;plum bandwidth Chicken;true;true;e-business migration;Account bi-directional;false;intangible Human;Money Coordinator;Granite Unbranded wireless;Corporate;Norfolk;false;false;actuating Coordinator;Internal AGP;connecting metrics Practical;bus overriding system;compressing deposit;Wisconsin;43683;synergistic;Account;parsing Agent interactive;partnerships Wooden;Borders Crescent;false;input;back-end;false;58591;411;Estate port Divide;Strategist;Bahamas;networks knowledge transmit;Product Infrastructure parse
5;Unit_Level;Platinum digital;Web Ball;Gorgeous;ROI XSS;monitoring Jersey;Laurel_Bahringer@hotmail.com;array;Street workforce Beauty;Hettingerside;turquoise Checking architecture;Mobility;lime Plastic encompassing;Turkey;NI;28549-3614;Keyboard array Global;true;true;Table expedite;reciprocal;false;revolutionize CSS;Gorgeous Balanced cross-platform;applications Unbranded;override;bypassing Integration;false;true;array;input;Account;West Unions salmon;Metal Car;Utah 24/365;7458;Sausages reserved;empowering GB;Communications Bedfordshire;Chief;Handmade;false;extranet Bahraini compelling;Metrics;true;48044;29047;compressing platforms Streamlined;infrastructures Ergonomic Branch;contingency Small;sticky generating wireless;array
6;Organization_Level;Devolved FTP;Future RSS;B2B Tasty;array;Marketing bi-directional wireless;Daniella63@yahoo.com;embrace relationships;Avon;Tremblaychester;Cedi purple;firewall Enterprise-wide;seamless deposit best-of-breed;Cote d'Ivoire;GY;85516-2053;Vatu;false;true;Minnesota;Chile Synergized;true;Gorgeous Romania;Pound Southern;Paradigm quantifying York;compressing;Investment monetize Bacon;false;false;Borders;Arabia software indexing;Missouri;Steel bandwidth;enable Rubber invoice;Associate Account Place;62094;schemas Cambridgeshire;EXE Marketing Manager;methodical Decentralized;Territory Optional;Monitored neural wireless;true;Analyst Licensed info-mediaries;Account;false;39216;308;Chair collaboration Field;Branding;Facilitator;Self-enabling zero;blue Cheese
7;Organization_Level;Investment e-services;Small;copying Gloves;Unbranded withdrawal SMTP;Card Ireland;Emely5@yahoo.com;Quality needs-based secured;Eritrea Officer;Pine Hills;Lucia whiteboard;Borders;Salad transmitting;Argentina;MP;60367;Corporate SDD magenta;false;false;navigating;Intelligent;true;Somalia Dollar;Tuna Investment;back-end firewall full-range;Illinois;Facilitator online bypass;true;true;Cambridgeshire;monitor Bedfordshire;olive open;Rue withdrawal;sky;aggregate;67529;revolutionize;SAS program calculating;foreground killer Iowa;transmitting Money;matrix Cotton Universal;true;Functionality budgetary;Sleek Licensed;false;7835;60974;Steel;Future Rubber;neural;conglomeration;AI Account programming
8;Unit_Level;Analyst Borders;Delaware;Principal;Harbors Account Berkshire;Shoes synthesize;Nikolas.Rohan@gmail.com;Forward Wooden Plaza;Intelligent;Walterside;Consultant panel;overriding Fantastic;Bedfordshire;Tajikistan;BY;78871;parse firewall sensor;true;false;orchestration Bhutan;killer Agent;true;backing Harbor;SQL panel;Centers;Account Refined Grocery;Avon Expressway Quetzal;true;false;primary firewall Mexico;sensor real-time connect;calculating killer;Steel;e-commerce backing;applications mindshare Global;6757;Illinois withdrawal Customer;architecture blue;green cross-platform;framework;withdrawal;false;Mobility invoice;proactive;false;36894;6791;Chair Analyst Realigned;optical;optical SSL;state;24/365 bleeding-edge
9;Unit_Level;monetize;XSS Bedfordshire Refined;white calculate;online;application;Greyson.Schuster75@hotmail.com;Indiana;Home;Fresno;Investment Upgradable;Profound metrics Licensed;Health Home;Togo;GU;56243;override Principal Idaho;false;true;mobile Islands;Small Caicos;true;Borders Account;Trace Moldovan bricks-and-clicks;Maldives system Dollar;leading-edge Handcrafted Outdoors;one-to-one end-to-end;false;false;best-of-breed Computer;Practical;Account parse;reinvent cultivate Won;e-business Unbranded;Prairie navigating;45037;Electronics;bypass;stable synergize Bedfordshire;Paradigm XML;Moldovan Practical;false;synthesizing;Automotive;true;2101;867;index Salad;Handmade virtual;challenge;infrastructures Drives Fish;Avon disintermediate
10;Organization_Level;Personal;Place;Account;Soap;Grass-roots deliverables monitor;Stanford45@yahoo.com;bypass withdrawal;Slovenia Cotton index;Todville;face Granite foreground;Health Wooden;Bike best-of-breed logistical;Slovakia (Slovak Republic);GD;03597-2464;niches;true;true;State) Gloves;wireless whiteboard Agent;false;users Fresh;Guinea-Bissau;Clothing;Ball initiatives Technician;Light HDD;true;false;overriding integrated;quantifying Niger;National;payment;Books Dynamic front-end;Cliff Facilitator Dakota;23289;Creative;Guatemala quantifying Mouse;empower Seamless Rue;withdrawal interactive;Bacon Lead;true;Berkshire hack feed;firewall alarm Operations;true;48812;56309;lavender Baby Turnpike;Operations methodology 24/7;Hryvnia up;circuit;generate Plastic Knolls
