id;title;job_code;client_job_code;org_name;org_employment_type_ids;job_ref;job_source;url;description;public_job_title;public_job_description;auto_close_date;no_of_positions;department_alt_text;display_cand_rate;cand_rate_currency;cand_min_rate;cand_max_rate;cand_rate_time_span;cand_rate_tax_term;cand_salary_alt_display_text;other_benefit_details;client_bill_rate_currency;client_bill_rate;client_bill_rate_time_span;client_bill_rate_tax_term;work_duration;immigration_status;display_immigration_status;skills;alt_skills;tags;qualification_ids;qualifications_alt_text;edu_requirements;exp_requirements;exp_alt_text;min_exp_in_years;max_exp_in_years;language_ids;visa_requirements;work_authorization_ids;application_form_type;is_partner_job;redirection_url;job_status;end_client;domain_alt;comments;additional_notifications_to_user_ids;additional_notifications_to_team_ids;required_document_ids;job_close_reason_other_alt;add_to_career_page;remote_job;hiring_for;work_duration_time_span;tax_terms
1;Armenia Optimization;for hacking maximize;deposit;ubiquitous;Drive optimizing primary;copying Beauty;pink applications;https://amos.info;sensor orchid;Ecuador Incredible;Somoni card;2023-04-04T00:39:13;50469;copying Riel;false;solution firewall;74207;51439;PerHour;Avon Money Incredible;Singapore Cross-group USB;Wooden;Cambridgeshire Markets content-based;33638;PerAnnum;Baby architectures;program;Idaho Ireland Stravenue;New blue yellow;Focused;Account microchip Producer;Sri;Steel B2C CSS;Extension;Mouse;Web Books;orange;58731;23342;up synthesize;Facilitator;content;Referral_Portal_Application;true;Iranian;Filled;paradigm Clothing Metal;Mexico Handmade high-level;mission-critical;feed Account Hills;Bedfordshire;Loan Hill;Auto;true;No;Branding;synergies SMS Enterprise-wide;rich sky card
2;Customer;transmit Borders;Chips;Computer Plastic;white deposit B2C;Bacon frictionless Senegal;Villages;http://dion.name;Squares;microchip;Dollar;2023-04-03T17:35:37;44756;functionalities Buckinghamshire;false;Terrace Rubber;97970;2674;None;District transmit;Paradigm;Industrial Sharable;client-driven FTP XSS;77212;PerAnnum;Frozen Steel Market;programming;workforce;Supervisor e-enable Palladium;front-end Avon Direct;payment Spain Home;Grass-roots Loan reinvent;View Barthelemy generate;Fresh Rubber;Bike infrastructure transmit;bypass Intelligent;plum Devolved;53186;81632;24/7 Soft Account;Automotive Metal IB;extensible ivory Bedfordshire;Referral_Portal_Application;false;state online Buckinghamshire;On_Hold;South Shoes;alarm grey Account;navigate National Wall;IB Plastic GB;Division;intermediate optimizing;program Planner Cambridgeshire;false;No;digital;Burgs;static
3;Mexico Awesome Analyst;United deliverables fault-tolerant;Cambridgeshire function;Gibraltar;Fresh transmitter;alarm Bedfordshire synthesize;Buckinghamshire Sleek;http://jean.info;backing TCP;technologies interface;Streamlined Latvian withdrawal;2023-04-03T15:04:19;4164;backing Money;true;Benin best-of-breed;4225;17866;None;system productize;Market Intelligent Representative;Buckinghamshire Tasty;payment sensor Public-key;73414;PerMonth;Rustic;Clothing;Utah;recontextualize Kwacha;Berkshire backing Account;Card Wooden;Ergonomic Dynamic Developer;alliance zero white;Fresh programming;Avon Account;Planner architectures;Senior ivory International;78314;68250;Club Engineer;connecting;olive Front-line;General_Application;true;reboot Borders Granite;Closed;application Fantastic;Concrete Rustic;Table New;Cotton Money Isle;Handcrafted Security enable;revolutionize Bedfordshire communities;Bahamas open-source Principal;false;Yes;up next;maroon;matrices Handmade TCP
4;invoice;HDD Bedfordshire;hack drive;transmitter;withdrawal;hour;deposit EXE;https://marty.org;payment Wooden Liberia;Connecticut Managed;Health;2023-04-04T05:42:42;47605;Hollow management;false;New Metal;86472;85199;None;Soft;Practical Awesome American;Borders;background;50798;PerMonth;hacking Dynamic;Thailand;Outdoors;Saint Consultant;Avon;neural Personal panel;Table California;Associate purple;Borders;systems 24/7 Licensed;withdrawal;dot-com Shoes;60110;34803;applications Open-architected;overriding facilitate Tasty;program Buckinghamshire Nigeria;General_Application;true;Focused Pine;Position_closed_by_another_vendor;Assistant;Iran;calculate Nevada Implementation;Industrial Jan Personal;Trinidad;intangible;client-driven intermediate;false;Hybrid;schemas;Avon Account;Dynamic transition
5;Virginia communities;Program USB Administrator;Micronesia;invoice Auto Cotton;Fresh;dynamic Colorado;copying Mexican Tenge;http://kelly.org;Specialist Chips Massachusetts;Hat generating Coves;Vermont;2023-04-03T15:06:22;12058;COM;false;Taiwan;53813;77554;PerDay;COM Inlet collaborative;Savings monitor applications;Assurance indexing;Plastic;69492;PerMonth;payment functionalities District;Kids Timor-Leste;Singapore the Beauty;Cambridgeshire;EXE;pixel Hungary;interactive;Buckinghamshire;copying unleash;Guilder system JBOD;Keyboard Face;synthesize;53414;58717;paradigms empower;Flats;pixel program COM;General_Application;true;Developer;Active;services synthesizing;Buckinghamshire;Alley transmitter;synthesize Integrated Legacy;multi-byte Pizza;Credit blue Investment;Florida;true;No;non-volatile;Games;TCP District Pound
6;generate;solid;Auto functionalities mesh;ivory;Legacy;Decentralized;Tasty Maryland;https://rubie.name;Hat parse;quantify blue;Soap Forward;2023-04-03T16:15:00;65610;bypassing backing Soft;true;Tasty Walk deposit;2027;64277;PerHour;backing Managed Kuwait;payment invoice Account;Lakes Extensions withdrawal;Coordinator Customer;47854;PerDay;Cambridgeshire plum;port Producer Centers;experiences payment high-level;real-time;Democratic Credit;Small integrate;Market;Bedfordshire;markets Generic;Programmable mint;firewall GB;Hungary;74070;99287;Internal Berkshire;indigo Account;turquoise;General_Application;false;navigating;Filled;cohesive Legacy online;National Movies Incredible;Ergonomic Haven local;innovate;multi-tasking;Rubber;Plastic;false;Hybrid;Hat;solution;Account moratorium withdrawal
7;background Granite card;Wooden;Books;bi-directional;front-end quantifying;plum incentivize;Well;https://esperanza.com;Integration Tuna quantify;invoice Advanced;markets Refined;2023-04-03T17:56:44;79098;Central;false;Coordinator;57707;36719;None;withdrawal Liaison;web-readiness;Chips SQL bi-directional;solid navigate SDD;87816;PerMonth;Visionary;bandwidth;ADP Incredible;Maryland;Canyon Chips;Investment Shoes quantify;Handmade;EXE architectures panel;Associate infrastructures GB;Games compress Baht;hacking attitude;Loan;55534;69868;hack;grey Iceland;Tuna;General_Application;false;payment Table Direct;Hold_by_Client;Credit Franc disintermediate;Maine SAS Fantastic;Licensed;optical Granite Licensed;front-end;SAS Principal;Assurance;false;No;Market reboot backing;Grocery Synergistic;deploy Steel architecture
8;channels SSL;parsing;payment Delaware;Drives Internal Indonesia;TCP;Ergonomic Toys;Direct;http://donnie.com;connect Global;Frozen;Orchestrator withdrawal Unbranded;2023-04-03T20:15:12;95656;SMTP auxiliary firewall;false;Gardens panel;74866;65159;PerAnnum;Fresh;success;indexing invoice;Djibouti Credit;60863;PerMonth;web-readiness Peso;synthesize customized;system Gorgeous;maximize Sleek;Tasty firmware Nicaragua;Spurs Tennessee integrated;multi-byte Loan;Seamless Cross-group 24;Plastic Wooden;maximize contextually-based navigating;connect Associate projection;Security monetize virtual;63564;22388;red Sleek Mississippi;Integration Pennsylvania;1080p Health Health;General_Application;false;one-to-one;Hold_by_Client;hacking Cotton;HDD bandwidth;Martinique;Soft AI;Rwanda bricks-and-clicks;Investor 1080p;transparent e-business;false;Yes;Garden Utah;invoice Buckinghamshire;client-server
9;Franc hybrid;parse grey;withdrawal;Response hacking Account;multi-state Congo;withdrawal;programming systemic middleware;http://monty.info;Refined;Granite Account;Kids Technician;2023-04-03T21:15:45;34730;Savings green Wooden;true;Oregon harness;67374;86225;PerDay;Communications Utah;bus auxiliary;Keyboard architectures;Customer;57210;PerAnnum;interfaces Pants pixel;XML Small;payment;violet New Analyst;TCP;Uganda;Refined Palau Ville;Factors Soft Global;circuit Intelligent;empower software payment;Movies Dinar;Global enable;3188;94374;invoice Chicken;Refined;Borders Dirham Unbranded;Referral_Portal_Application;true;methodologies;Hold_by_Client;Sleek fault-tolerant Panama;Stream empower Fresh;stable Money Developer;Venezuela Borders generate;alarm Idaho Salad;Samoa parse;infomediaries deposit Tasty;false;No;HTTP;transmitter invoice;Account Ariary maximize
10;Surinam;Research Zimbabwe;up;Marketing Executive;Norwegian;utilisation world-class;Spring;http://ova.info;Soft Pound;online compressing Concrete;Infrastructure Steel;2023-04-04T02:08:14;58921;Direct Steel Representative;true;architecture transform Kong;60393;84563;None;Cross-group Netherlands invoice;Sierra Solutions;input;Chair Multi-tiered withdrawal;54031;PerAnnum;Kids hacking Designer;system Montenegro Account;Bike bluetooth teal;hack Junction Lucia;framework Swiss cyan;payment Centralized capacitor;Granite multi-state;Buckinghamshire Spring Industrial;multimedia;Handcrafted Belize Rubber;Frozen Direct;Rubber;74037;80129;Samoa;Ringgit Alabama Gorgeous;Courts Gloves Producer;General_Application;true;leading-edge intermediate Gloves;Hold_by_Client;Regional Markets;intermediate;Towels;Soft Forward;Human Florida invoice;Run Franc;Outdoors Corporate function;true;Yes;protocol;Cotton;District AGP
